{
  "threshold": 0.5499999999999999,
  "metrics_test": {
    "accuracy": 0.7577132486388385,
    "precision": 0.5090361445783133,
    "recall": 0.6190476190476191,
    "f1": 0.5586776859504132,
    "roc_auc": 0.8074735879319714,
    "pr_auc(AP)": 0.6014701791949221,
    "threshold": 0.5499999999999999
  }
}
